{"name":"Nafs","short_name":"nafs","description":"Spiritual Journey Tracker","start_url":"/","display":"standalone","background_color":"#ffffff","theme_color":"#000000","orientation":"portrait","icons":[{"src":"/icon-48x48.png","sizes":"48x48","type":"image/png"},{"src":"/icon-72x72.png","sizes":"72x72","type":"image/png"},{"src":"/icon-96x96.png","sizes":"96x96","type":"image/png"},{"src":"/icon-144x144.png","sizes":"144x144","type":"image/png"},{"src":"/icon-192x192.png","sizes":"192x192","type":"image/png","purpose":"maskable"},{"src":"/icon-512x512.png","sizes":"512x512","type":"image/png"}]}